{
  "step_tidy_up": 0.10134768486022949,
  "step_streamline": 1.2414803504943848,
  "step_convert_to_hls": 0.031577110290527344,
  "step_create_dataflow_partition": 0.002959012985229492,
  "step_target_fps_parallelization": 0.004269123077392578,
  "step_apply_folding_config": 3.0994415283203125e-06,
  "step_generate_estimate_reports": 2.1457672119140625e-06,
  "step_hls_ipgen": 117.80398464202881,
  "step_set_fifo_depths": 72.44513964653015,
  "step_create_stitched_ip": 1.1920928955078125e-05,
  "step_measure_rtlsim_performance": 4.0531158447265625e-06,
  "step_make_pynq_driver": 0.008580684661865234,
  "step_out_of_context_synthesis": 1.6689300537109375e-06,
  "step_synthesize_bitfile": 2241.515150308609,
  "step_deployment_package": 0.006607532501220703
}