{
  "step_tidy_up": 0.08360958099365234,
  "step_streamline": 1.1149981021881104,
  "step_convert_to_hls": 0.01941704750061035,
  "step_create_dataflow_partition": 0.0027120113372802734,
  "step_target_fps_parallelization": 0.0037293434143066406,
  "step_apply_folding_config": 3.337860107421875e-06,
  "step_generate_estimate_reports": 1.9073486328125e-06,
  "step_hls_ipgen": 96.1083984375,
  "step_set_fifo_depths": 68.37740325927734,
  "step_create_stitched_ip": 4.1484832763671875e-05,
  "step_measure_rtlsim_performance": 1.0967254638671875e-05,
  "step_make_pynq_driver": 0.019125938415527344,
  "step_out_of_context_synthesis": 3.5762786865234375e-06,
  "step_synthesize_bitfile": 2150.0003757476807,
  "step_deployment_package": 0.006470203399658203
}