{
  "step_tidy_up": 0.09470081329345703,
  "step_streamline": 1.2692477703094482,
  "step_convert_to_hls": 0.06333208084106445,
  "step_create_dataflow_partition": 0.007180452346801758,
  "step_target_fps_parallelization": 0.004507303237915039,
  "step_apply_folding_config": 3.814697265625e-06,
  "step_generate_estimate_reports": 4.76837158203125e-06,
  "step_hls_ipgen": 140.89613723754883,
  "step_set_fifo_depths": 87.58903503417969,
  "step_create_stitched_ip": 1.621246337890625e-05,
  "step_measure_rtlsim_performance": 2.384185791015625e-06,
  "step_make_pynq_driver": 0.01390528678894043,
  "step_out_of_context_synthesis": 3.0994415283203125e-06,
  "step_synthesize_bitfile": 2359.9603230953217,
  "step_deployment_package": 0.0064618587493896484
}