{
  "step_tidy_up": 0.10435199737548828,
  "step_streamline": 1.2844679355621338,
  "step_convert_to_hls": 0.06122255325317383,
  "step_create_dataflow_partition": 0.0030221939086914062,
  "step_target_fps_parallelization": 0.004465579986572266,
  "step_apply_folding_config": 3.337860107421875e-06,
  "step_generate_estimate_reports": 1.6689300537109375e-06,
  "step_hls_ipgen": 134.37093210220337,
  "step_set_fifo_depths": 77.95268845558167,
  "step_create_stitched_ip": 1.7404556274414062e-05,
  "step_measure_rtlsim_performance": 4.0531158447265625e-06,
  "step_make_pynq_driver": 0.06750822067260742,
  "step_out_of_context_synthesis": 5.0067901611328125e-06,
  "step_synthesize_bitfile": 2415.3356442451477,
  "step_deployment_package": 0.0070154666900634766
}