{
  "step_tidy_up": 0.0476224422454834,
  "step_streamline": 0.7040553092956543,
  "step_convert_to_hls": 0.060469627380371094,
  "step_create_dataflow_partition": 0.0025708675384521484,
  "step_target_fps_parallelization": 0.004449129104614258,
  "step_apply_folding_config": 5.9604644775390625e-06,
  "step_generate_estimate_reports": 2.86102294921875e-06,
  "step_hls_ipgen": 133.28282499313354,
  "step_set_fifo_depths": 82.31181120872498,
  "step_create_stitched_ip": 4.5299530029296875e-05,
  "step_measure_rtlsim_performance": 1.8835067749023438e-05,
  "step_make_pynq_driver": 0.07050657272338867,
  "step_out_of_context_synthesis": 7.867813110351562e-06,
  "step_synthesize_bitfile": 2331.90655708313,
  "step_deployment_package": 0.1771225929260254
}