{
  "step_tidy_up": 0.10110235214233398,
  "step_streamline": 1.1645450592041016,
  "step_convert_to_hls": 0.020226240158081055,
  "step_create_dataflow_partition": 0.003099679946899414,
  "step_target_fps_parallelization": 0.004026651382446289,
  "step_apply_folding_config": 3.0994415283203125e-06,
  "step_generate_estimate_reports": 2.384185791015625e-06,
  "step_hls_ipgen": 100.71024918556213,
  "step_set_fifo_depths": 70.7981550693512,
  "step_create_stitched_ip": 6.628036499023438e-05,
  "step_measure_rtlsim_performance": 1.0251998901367188e-05,
  "step_make_pynq_driver": 0.02604198455810547,
  "step_out_of_context_synthesis": 4.0531158447265625e-06,
  "step_synthesize_bitfile": 2241.2915902137756,
  "step_deployment_package": 0.006882905960083008
}