{
  "step_tidy_up": 0.08580565452575684,
  "step_streamline": 1.1982924938201904,
  "step_convert_to_hls": 0.03176546096801758,
  "step_create_dataflow_partition": 0.0029516220092773438,
  "step_target_fps_parallelization": 0.004384040832519531,
  "step_apply_folding_config": 3.0994415283203125e-06,
  "step_generate_estimate_reports": 2.6226043701171875e-06,
  "step_hls_ipgen": 119.83828377723694,
  "step_set_fifo_depths": 77.45502638816833,
  "step_create_stitched_ip": 1.5735626220703125e-05,
  "step_measure_rtlsim_performance": 3.814697265625e-06,
  "step_make_pynq_driver": 0.009049177169799805,
  "step_out_of_context_synthesis": 3.5762786865234375e-06,
  "step_synthesize_bitfile": 2304.914314031601,
  "step_deployment_package": 0.006310701370239258
}