{
  "step_tidy_up": 0.02695751190185547,
  "step_streamline": 0.5841586589813232,
  "step_convert_to_hls": 0.03133821487426758,
  "step_create_dataflow_partition": 0.0023806095123291016,
  "step_target_fps_parallelization": 0.0038127899169921875,
  "step_apply_folding_config": 3.0994415283203125e-06,
  "step_generate_estimate_reports": 3.814697265625e-06,
  "step_hls_ipgen": 105.27329468727112,
  "step_set_fifo_depths": 64.42056632041931,
  "step_create_stitched_ip": 1.2636184692382812e-05,
  "step_measure_rtlsim_performance": 2.6226043701171875e-06,
  "step_make_pynq_driver": 0.009434938430786133,
  "step_out_of_context_synthesis": 2.1457672119140625e-06,
  "step_synthesize_bitfile": 2115.0197372436523,
  "step_deployment_package": 0.006898403167724609
}