{
  "step_tidy_up": 0.11693930625915527,
  "step_streamline": 1.2926993370056152,
  "step_convert_to_hls": 0.06205415725708008,
  "step_create_dataflow_partition": 0.01933765411376953,
  "step_target_fps_parallelization": 0.004834890365600586,
  "step_apply_folding_config": 3.5762786865234375e-06,
  "step_generate_estimate_reports": 4.5299530029296875e-06,
  "step_hls_ipgen": 133.2780966758728,
  "step_set_fifo_depths": 77.14173460006714,
  "step_create_stitched_ip": 2.1457672119140625e-05,
  "step_measure_rtlsim_performance": 8.106231689453125e-06,
  "step_make_pynq_driver": 0.020288467407226562,
  "step_out_of_context_synthesis": 4.5299530029296875e-06,
  "step_synthesize_bitfile": 2280.499417066574,
  "step_deployment_package": 0.006955146789550781
}