{
  "step_tidy_up": 0.08785891532897949,
  "step_streamline": 1.2187106609344482,
  "step_convert_to_hls": 0.03197288513183594,
  "step_create_dataflow_partition": 0.002956867218017578,
  "step_target_fps_parallelization": 0.004317760467529297,
  "step_apply_folding_config": 2.86102294921875e-06,
  "step_generate_estimate_reports": 4.5299530029296875e-06,
  "step_hls_ipgen": 119.1141254901886,
  "step_set_fifo_depths": 77.40850162506104,
  "step_create_stitched_ip": 1.621246337890625e-05,
  "step_measure_rtlsim_performance": 5.245208740234375e-06,
  "step_make_pynq_driver": 0.009800434112548828,
  "step_out_of_context_synthesis": 3.0994415283203125e-06,
  "step_synthesize_bitfile": 2212.664894580841,
  "step_deployment_package": 0.00760340690612793
}